time,run,tau,listed_by_hycom_org
1994-01-04 18:00:00,1994010412,6,True
1994-01-08 12:00:00,1994010812,0,True
1994-01-10 12:00:00,1994011012,0,True
1994-01-21 18:00:00,1994012112,6,True
1994-01-24 12:00:00,1994012412,0,True
1994-01-27 09:00:00,1994012612,21,True
1994-02-03 12:00:00,1994020312,0,True
1994-02-10 12:00:00,1994021012,0,True
1994-02-14 18:00:00,1994021412,6,True
1994-03-05 12:00:00,1994030512,0,True
1994-03-09 12:00:00,1994030912,0,True
1994-03-18 12:00:00,1994031812,0,True
1994-03-26 12:00:00,1994032612,0,True
1994-03-27 18:00:00,1994032712,6,True
1994-04-14 12:00:00,1994041412,0,True
1994-04-15 12:00:00,1994041512,0,True
1994-04-23 15:00:00,1994042312,3,True
1994-04-24 12:00:00,1994042412,0,True
1994-04-25 12:00:00,1994042512,0,True
1994-05-16 12:00:00,1994051612,0,True
1994-05-17 12:00:00,1994051712,0,True
1994-05-20 12:00:00,1994052012,0,True
1994-05-22 12:00:00,1994052212,0,True
1994-06-02 12:00:00,1994060212,0,True
1994-06-03 12:00:00,1994060312,0,True
1994-06-07 12:00:00,1994060712,0,True
1994-06-14 12:00:00,1994061412,0,True
1994-06-17 06:00:00,1994061612,18,True
1994-06-23 09:00:00,1994062212,21,True
1994-06-24 06:00:00,1994062312,18,True
1994-07-02 12:00:00,1994070212,0,True
1994-07-03 12:00:00,1994070312,0,True
1994-07-04 12:00:00,1994070412,0,True
1994-07-12 12:00:00,1994071212,0,True
1994-07-18 12:00:00,1994071812,0,True
1994-07-28 12:00:00,1994072812,0,True
1994-08-05 12:00:00,1994080512,0,True
1994-08-21 12:00:00,1994082112,0,True
1994-09-02 18:00:00,1994090212,6,True
1994-09-07 12:00:00,1994090712,0,True
1994-09-09 12:00:00,1994090912,0,True
1994-09-13 12:00:00,1994091312,0,True
1994-09-17 18:00:00,1994091712,6,True
1994-09-24 12:00:00,1994092412,0,True
1994-09-25 12:00:00,1994092512,0,True
1994-10-01 12:00:00,1994100112,0,True
1994-10-03 12:00:00,1994100312,0,True
1994-10-04 12:00:00,1994100412,0,True
1994-10-06 12:00:00,1994100612,0,True
1994-10-16 21:00:00,1994101612,9,True
1994-10-28 12:00:00,1994102812,0,True
1994-11-07 06:00:00,1994110612,18,True
1994-11-29 03:00:00,1994112812,15,True
1994-12-15 15:00:00,1994121512,3,True
1994-12-24 12:00:00,1994122412,0,True
1995-01-03 09:00:00,1995010212,21,True
1995-01-09 18:00:00,1995010912,6,True
1995-01-11 18:00:00,1995011112,6,True
1995-01-18 03:00:00,1995011712,15,True
1995-02-14 12:00:00,1995021412,0,True
1995-02-16 12:00:00,1995021612,0,True
1995-02-25 21:00:00,1995022512,9,True
1995-03-01 12:00:00,1995030112,0,True
1995-04-07 12:00:00,1995040712,0,True
1995-04-17 21:00:00,1995041712,9,True
1995-04-18 18:00:00,1995041812,6,True
1995-05-09 12:00:00,1995050912,0,True
1995-05-13 12:00:00,1995051312,0,True
1995-05-19 15:00:00,1995051912,3,True
1995-05-21 06:00:00,1995052012,18,True
1995-05-27 12:00:00,1995052712,0,True
1995-06-05 00:00:00,1995060412,12,True
1995-06-17 12:00:00,1995061712,0,True
1995-06-21 12:00:00,1995062112,0,True
1995-07-07 09:00:00,1995070612,21,True
1995-07-09 06:00:00,1995070812,18,True
1995-07-09 12:00:00,1995070912,0,True
1995-07-27 12:00:00,1995072712,0,True
1995-08-04 06:00:00,1995080312,18,True
1995-08-07 00:00:00,1995080612,12,True
1995-08-13 06:00:00,1995081212,18,True
1995-08-15 03:00:00,1995081412,15,True
1995-08-15 06:00:00,1995081412,18,True
1995-08-21 12:00:00,1995082112,0,True
1995-08-23 12:00:00,1995082312,0,True
1995-10-10 15:00:00,1995101012,3,True
1995-10-16 21:00:00,1995101612,9,True
1995-11-19 12:00:00,1995111912,0,True
1995-12-26 12:00:00,1995122612,0,True
1996-01-01 12:00:00,1996010112,0,True
1996-01-05 12:00:00,1996010512,0,True
1996-01-06 12:00:00,1996010612,0,True
1996-01-14 12:00:00,1996011412,0,True
1996-01-21 03:00:00,1996012012,15,True
1996-01-23 03:00:00,1996012212,15,True
1996-01-24 00:00:00,1996012312,12,True
1996-02-09 12:00:00,1996020912,0,True
1996-02-19 18:00:00,1996021912,6,True
1996-03-01 09:00:00,1996022912,21,True
1996-03-01 12:00:00,1996030112,0,True
1996-03-02 00:00:00,1996030112,12,True
1996-03-08 12:00:00,1996030812,0,True
1996-03-13 12:00:00,1996031312,0,True
1996-03-19 12:00:00,1996031912,0,True
1996-03-27 21:00:00,1996032712,9,True
1996-03-28 00:00:00,1996032712,12,True
1996-04-13 00:00:00,1996041212,12,True
1996-04-17 12:00:00,1996041712,0,True
1996-05-03 12:00:00,1996050312,0,True
1996-05-06 12:00:00,1996050612,0,True
1996-05-15 06:00:00,1996051412,18,True
1996-05-16 00:00:00,1996051512,12,True
1996-05-23 12:00:00,1996052312,0,True
1996-05-24 03:00:00,1996052312,15,True
1996-05-29 00:00:00,1996052812,12,True
1996-06-01 12:00:00,1996060112,0,True
1996-06-02 12:00:00,1996060212,0,True
1996-06-03 12:00:00,1996060312,0,True
1996-06-25 18:00:00,1996062512,6,True
1996-06-29 12:00:00,1996062912,0,True
1996-07-30 09:00:00,1996072912,21,True
1996-08-02 12:00:00,1996080212,0,True
1996-08-04 18:00:00,1996080412,6,True
1996-08-05 12:00:00,1996080512,0,True
1996-09-15 12:00:00,1996091512,0,True
1996-09-18 09:00:00,1996091712,21,True
1996-09-18 12:00:00,1996091812,0,True
1996-09-19 12:00:00,1996091912,0,True
1996-09-21 09:00:00,1996092012,21,True
1996-09-24 12:00:00,1996092412,0,True
1996-09-25 12:00:00,1996092512,0,True
1996-10-15 12:00:00,1996101512,0,True
1996-10-18 12:00:00,1996101812,0,True
1996-11-01 12:00:00,1996110112,0,True
1996-11-29 12:00:00,1996112912,0,True
1996-12-09 12:00:00,1996120912,0,True
1996-12-28 15:00:00,1996122812,3,True
1997-01-14 09:00:00,1997011312,21,True
1997-02-02 15:00:00,1997020212,3,True
1997-02-09 12:00:00,1997020912,0,True
1997-02-16 12:00:00,1997021612,0,True
1997-02-20 12:00:00,1997022012,0,True
1997-03-14 21:00:00,1997031412,9,True
1997-03-23 21:00:00,1997032312,9,True
1997-03-26 09:00:00,1997032512,21,True
1997-04-16 00:00:00,1997041512,12,True
1997-04-16 03:00:00,1997041512,15,True
1997-05-07 09:00:00,1997050612,21,True
1997-05-07 12:00:00,1997050712,0,True
1997-05-14 03:00:00,1997051312,15,True
1997-05-14 12:00:00,1997051412,0,True
1997-05-14 15:00:00,1997051412,3,True
1997-05-16 03:00:00,1997051512,15,True
1997-05-21 03:00:00,1997052012,15,True
1997-05-25 21:00:00,1997052512,9,True
1997-06-17 15:00:00,1997061712,3,True
1997-06-30 12:00:00,1997063012,0,True
1997-07-17 12:00:00,1997071712,0,True
1997-08-11 06:00:00,1997081012,18,True
1997-08-11 09:00:00,1997081012,21,True
1997-08-13 12:00:00,1997081312,0,True
1997-08-16 12:00:00,1997081612,0,True
1997-09-08 21:00:00,1997090812,9,True
1997-09-15 12:00:00,1997091512,0,True
1997-09-20 12:00:00,1997092012,0,True
1997-10-09 12:00:00,1997100912,0,True
1997-10-25 12:00:00,1997102512,0,True
1997-10-30 15:00:00,1997103012,3,True
1997-10-31 03:00:00,1997103012,15,True
1997-11-16 12:00:00,1997111612,0,True
1997-11-19 12:00:00,1997111912,0,True
1997-11-22 18:00:00,1997112212,6,True
1997-11-28 12:00:00,1997112812,0,True
1997-12-12 15:00:00,1997121212,3,True
1998-01-07 12:00:00,1998010712,0,True
1998-01-07 15:00:00,1998010712,3,True
1998-01-07 18:00:00,1998010712,6,True
1998-01-07 21:00:00,1998010712,9,True
1998-01-08 00:00:00,1998010712,12,True
1998-01-08 03:00:00,1998010712,15,True
1998-01-08 06:00:00,1998010712,18,True
1998-01-08 09:00:00,1998010712,21,True
1998-01-14 12:00:00,1998011412,0,True
1998-02-04 18:00:00,1998020412,6,True
1998-02-04 21:00:00,1998020412,9,True
1998-02-12 12:00:00,1998021212,0,True
1998-02-19 06:00:00,1998021812,18,True
1998-02-19 18:00:00,1998021912,6,True
1998-02-21 00:00:00,1998022012,12,True
1998-03-07 21:00:00,1998030712,9,True
1998-03-10 06:00:00,1998030912,18,True
1998-03-11 15:00:00,1998031112,3,True
1998-03-18 12:00:00,1998031812,0,True
1998-03-21 03:00:00,1998032012,15,True
1998-03-26 09:00:00,1998032512,21,True
1998-04-02 09:00:00,1998040112,21,True
1998-04-06 00:00:00,1998040512,12,True
1998-04-09 09:00:00,1998040812,21,True
1998-04-29 12:00:00,1998042912,0,True
1998-05-05 12:00:00,1998050512,0,True
1998-05-18 12:00:00,1998051812,0,True
1998-05-19 09:00:00,1998051812,21,True
1998-05-28 12:00:00,1998052812,0,True
1998-06-02 12:00:00,1998060212,0,True
1998-06-02 18:00:00,1998060212,6,True
1998-06-08 12:00:00,1998060812,0,True
1998-06-18 09:00:00,1998061712,21,True
1998-06-30 03:00:00,1998062912,15,True
1998-07-05 12:00:00,1998070512,0,True
1998-07-16 06:00:00,1998071512,18,True
1998-07-17 09:00:00,1998071612,21,True
1998-07-18 12:00:00,1998071812,0,True
1998-07-25 09:00:00,1998072412,21,True
1998-07-30 12:00:00,1998073012,0,True
1998-08-01 12:00:00,1998080112,0,True
1998-08-06 12:00:00,1998080612,0,True
1998-08-26 12:00:00,1998082612,0,True
1998-08-27 12:00:00,1998082712,0,True
1998-09-04 09:00:00,1998090312,21,True
1998-09-11 12:00:00,1998091112,0,True
1998-09-26 12:00:00,1998092612,0,True
1998-09-29 12:00:00,1998092912,0,True
1998-10-11 12:00:00,1998101112,0,True
1998-10-25 12:00:00,1998102512,0,True
1998-10-30 12:00:00,1998103012,0,True
1998-11-06 12:00:00,1998110612,0,True
1998-11-14 03:00:00,1998111312,15,True
1998-11-22 12:00:00,1998112212,0,True
1998-12-03 18:00:00,1998120312,6,True
1998-12-06 12:00:00,1998120612,0,True
1998-12-11 12:00:00,1998121112,0,True
1999-01-11 18:00:00,1999011112,6,True
1999-01-29 12:00:00,1999012912,0,True
1999-02-09 12:00:00,1999020912,0,True
1999-03-07 12:00:00,1999030712,0,True
1999-03-14 12:00:00,1999031412,0,True
1999-04-04 12:00:00,1999040412,0,True
1999-04-11 12:00:00,1999041112,0,True
1999-04-12 12:00:00,1999041212,0,True
1999-04-18 12:00:00,1999041812,0,True
1999-04-19 12:00:00,1999041912,0,True
1999-04-27 12:00:00,1999042712,0,True
1999-05-01 09:00:00,1999043012,21,True
1999-05-13 00:00:00,1999051212,12,True
1999-05-14 18:00:00,1999051412,6,True
1999-06-01 12:00:00,1999060112,0,True
1999-06-08 18:00:00,1999060812,6,True
1999-06-10 12:00:00,1999061012,0,True
1999-06-22 09:00:00,1999062112,21,True
1999-07-24 12:00:00,1999072412,0,True
1999-07-25 12:00:00,1999072512,0,True
1999-08-09 12:00:00,1999080912,0,True
1999-09-02 03:00:00,1999090112,15,True
1999-10-04 03:00:00,1999100312,15,True
1999-11-09 12:00:00,1999110912,0,True
1999-11-27 03:00:00,1999112612,15,True
1999-12-07 12:00:00,1999120712,0,True
2000-01-05 12:00:00,2000010512,0,True
2000-01-17 12:00:00,2000011712,0,True
2000-01-19 18:00:00,2000011912,6,True
2000-01-19 21:00:00,2000011912,9,True
2000-01-24 06:00:00,2000012312,18,True
2000-01-24 12:00:00,2000012412,0,True
2000-01-25 12:00:00,2000012512,0,True
2000-01-31 12:00:00,2000013112,0,True
2000-01-31 15:00:00,2000013112,3,True
2000-01-31 18:00:00,2000013112,6,True
2000-01-31 21:00:00,2000013112,9,True
2000-02-01 00:00:00,2000013112,12,True
2000-02-01 03:00:00,2000013112,15,True
2000-02-01 06:00:00,2000013112,18,True
2000-02-01 09:00:00,2000013112,21,True
2000-02-26 12:00:00,2000022612,0,True
2000-03-12 12:00:00,2000031212,0,True
2000-03-17 12:00:00,2000031712,0,True
2000-03-22 12:00:00,2000032212,0,True
2000-04-01 12:00:00,2000040112,0,True
2000-04-18 12:00:00,2000041812,0,True
2000-04-30 12:00:00,2000043012,0,True
2000-05-05 21:00:00,2000050512,9,True
2000-05-06 12:00:00,2000050612,0,True
2000-05-15 06:00:00,2000051412,18,True
2000-05-24 12:00:00,2000052412,0,True
2000-06-15 18:00:00,2000061512,6,True
2000-06-17 00:00:00,2000061612,12,True
2000-07-01 21:00:00,2000070112,9,True
2000-07-04 12:00:00,2000070412,0,True
2000-07-18 00:00:00,2000071712,12,True
2000-07-22 12:00:00,2000072212,0,True
2000-08-12 12:00:00,2000081212,0,True
2000-08-28 00:00:00,2000082712,12,True
2000-09-10 12:00:00,2000091012,0,True
2000-09-11 03:00:00,2000091012,15,True
2000-09-15 12:00:00,2000091512,0,True
2000-09-21 21:00:00,2000092112,9,True
2000-10-02 21:00:00,2000100212,9,True
2000-10-04 00:00:00,2000100312,12,True
2000-10-18 12:00:00,2000101812,0,True
2000-10-20 21:00:00,2000102012,9,True
2000-10-26 12:00:00,2000102612,0,True
2000-11-03 15:00:00,2000110312,3,True
2000-11-05 21:00:00,2000110512,9,True
2000-11-06 00:00:00,2000110512,12,True
2000-11-06 03:00:00,2000110512,15,True
2000-11-06 12:00:00,2000110612,0,True
2000-11-07 12:00:00,2000110712,0,True
2000-11-08 12:00:00,2000110812,0,True
2000-11-16 09:00:00,2000111512,21,True
2000-11-16 12:00:00,2000111612,0,True
2000-11-18 09:00:00,2000111712,21,True
2000-11-18 21:00:00,2000111812,9,True
2000-11-27 12:00:00,2000112712,0,True
2000-11-29 03:00:00,2000112812,15,True
2000-12-07 00:00:00,2000120612,12,True
2000-12-07 12:00:00,2000120712,0,True
2000-12-08 12:00:00,2000120812,0,True
2000-12-12 12:00:00,2000121212,0,True
2000-12-24 12:00:00,2000122412,0,True
2000-12-31 12:00:00,2000123112,0,True
2001-01-05 18:00:00,2001010512,6,True
2001-01-14 06:00:00,2001011312,18,True
2001-01-15 12:00:00,2001011512,0,True
2001-01-20 12:00:00,2001012012,0,True
2001-02-04 21:00:00,2001020412,9,True
2001-03-09 18:00:00,2001030912,6,True
2001-04-01 15:00:00,2001040112,3,True
2001-04-06 12:00:00,2001040612,0,True
2001-04-17 03:00:00,2001041612,15,True
2001-04-24 03:00:00,2001042312,15,True
2001-04-27 18:00:00,2001042712,6,True
2001-05-02 21:00:00,2001050212,9,True
2001-05-05 03:00:00,2001050412,15,True
2001-05-07 09:00:00,2001050612,21,True
2001-05-26 15:00:00,2001052612,3,True
2001-05-29 12:00:00,2001052912,0,True
2001-06-30 12:00:00,2001063012,0,True
2001-07-29 12:00:00,2001072912,0,True
2001-08-30 12:00:00,2001083012,0,True
2001-09-06 12:00:00,2001090612,0,True
2001-09-16 12:00:00,2001091612,0,True
2001-09-21 12:00:00,2001092112,0,True
2001-10-01 12:00:00,2001100112,0,True
2001-10-03 12:00:00,2001100312,0,True
2001-10-09 06:00:00,2001100812,18,True
2001-10-12 12:00:00,2001101212,0,True
2001-10-14 21:00:00,2001101412,9,True
2001-10-24 12:00:00,2001102412,0,True
2001-11-10 06:00:00,2001110912,18,True
2001-11-30 15:00:00,2001113012,3,True
2001-12-16 12:00:00,2001121612,0,True
2001-12-23 12:00:00,2001122312,0,True
2002-01-17 00:00:00,2002011612,12,True
2002-01-19 12:00:00,2002011912,0,True
2002-01-25 12:00:00,2002012512,0,True
2002-01-25 15:00:00,2002012512,3,True
2002-01-25 18:00:00,2002012512,6,True
2002-01-25 21:00:00,2002012512,9,True
2002-01-26 00:00:00,2002012512,12,True
2002-01-26 03:00:00,2002012512,15,True
2002-01-26 06:00:00,2002012512,18,True
2002-01-26 09:00:00,2002012512,21,True
2002-01-28 12:00:00,2002012812,0,True
2002-02-01 12:00:00,2002020112,0,True
2002-02-04 12:00:00,2002020412,0,True
2002-02-07 12:00:00,2002020712,0,True
2002-02-08 12:00:00,2002020812,0,True
2002-02-23 12:00:00,2002022312,0,True
2002-03-02 09:00:00,2002030112,21,True
2002-03-14 12:00:00,2002031412,0,True
2002-04-13 12:00:00,2002041312,0,True
2002-04-18 18:00:00,2002041812,6,True
2002-04-29 09:00:00,2002042812,21,True
2002-05-01 12:00:00,2002050112,0,True
2002-05-04 12:00:00,2002050412,0,True
2002-05-06 09:00:00,2002050512,21,True
2002-05-14 12:00:00,2002051412,0,True
2002-05-31 15:00:00,2002053112,3,True
2002-06-13 15:00:00,2002061312,3,True
2002-06-26 12:00:00,2002062612,0,True
2002-06-28 06:00:00,2002062712,18,True
2002-07-01 12:00:00,2002070112,0,True
2002-07-28 12:00:00,2002072812,0,True
2002-08-15 12:00:00,2002081512,0,True
2002-08-22 12:00:00,2002082212,0,True
2002-08-27 12:00:00,2002082712,0,True
2002-08-28 12:00:00,2002082812,0,True
2002-08-29 09:00:00,2002082812,21,True
2002-08-30 12:00:00,2002083012,0,True
2002-09-05 12:00:00,2002090512,0,True
2002-09-14 06:00:00,2002091312,18,True
2002-09-18 12:00:00,2002091812,0,True
2002-09-19 12:00:00,2002091912,0,True
2002-09-27 03:00:00,2002092612,15,True
2002-09-28 12:00:00,2002092812,0,True
2002-10-01 12:00:00,2002100112,0,True
2002-10-04 12:00:00,2002100412,0,True
2002-10-07 12:00:00,2002100712,0,True
2002-10-10 09:00:00,2002100912,21,True
2002-10-17 12:00:00,2002101712,0,True
2002-10-29 09:00:00,2002102812,21,True
2002-10-29 12:00:00,2002102912,0,True
2002-11-22 12:00:00,2002112212,0,True
2002-12-14 12:00:00,2002121412,0,True
2003-01-16 12:00:00,2003011612,0,True
2003-01-26 21:00:00,2003012612,9,True
2003-02-09 12:00:00,2003020912,0,True
2003-02-25 12:00:00,2003022512,0,True
2003-03-02 06:00:00,2003030112,18,True
2003-03-07 12:00:00,2003030712,0,True
2003-03-14 12:00:00,2003031412,0,True
2003-03-17 12:00:00,2003031712,0,True
2003-03-18 12:00:00,2003031812,0,True
2003-03-23 12:00:00,2003032312,0,True
2003-04-17 12:00:00,2003041712,0,True
2003-04-30 12:00:00,2003043012,0,True
2003-05-14 12:00:00,2003051412,0,True
2003-05-18 12:00:00,2003051812,0,True
2003-05-29 09:00:00,2003052812,21,True
2003-05-30 12:00:00,2003053012,0,True
2003-06-07 12:00:00,2003060712,0,True
2003-06-08 12:00:00,2003060812,0,True
2003-06-14 12:00:00,2003061412,0,True
2003-06-18 12:00:00,2003061812,0,True
2003-06-22 12:00:00,2003062212,0,True
2003-07-03 21:00:00,2003070312,9,True
2003-07-08 03:00:00,2003070712,15,True
2003-07-14 12:00:00,2003071412,0,True
2003-08-27 12:00:00,2003082712,0,True
2003-08-29 12:00:00,2003082912,0,True
2003-09-01 12:00:00,2003090112,0,True
2003-09-11 03:00:00,2003091012,15,True
2003-09-13 12:00:00,2003091312,0,True
2003-09-20 12:00:00,2003092012,0,True
2003-09-22 00:00:00,2003092112,12,True
2003-09-27 12:00:00,2003092712,0,True
2003-09-28 12:00:00,2003092812,0,True
2003-09-28 21:00:00,2003092812,9,True
2003-09-29 12:00:00,2003092912,0,True
2003-10-08 12:00:00,2003100812,0,True
2003-10-15 12:00:00,2003101512,0,True
2003-10-25 00:00:00,2003102412,12,True
2003-10-30 12:00:00,2003103012,0,True
2003-11-06 12:00:00,2003110612,0,True
2003-11-10 00:00:00,2003110912,12,True
2003-12-06 12:00:00,2003120612,0,True
2003-12-23 12:00:00,2003122312,0,True
2003-12-25 12:00:00,2003122512,0,True
2003-12-26 12:00:00,2003122612,0,True
2003-12-27 12:00:00,2003122712,0,True
2004-01-14 12:00:00,2004011412,0,True
2004-02-05 00:00:00,2004020412,12,True
2004-03-03 21:00:00,2004030312,9,True
2004-03-10 00:00:00,2004030912,12,True
2004-03-18 12:00:00,2004031812,0,True
2004-03-19 18:00:00,2004031912,6,True
2004-03-24 15:00:00,2004032412,3,True
2004-04-13 12:00:00,2004041312,0,True
2004-04-14 06:00:00,2004041312,18,True
2004-04-24 12:00:00,2004042412,0,True
2004-04-25 18:00:00,2004042512,6,True
2004-05-18 12:00:00,2004051812,0,True
2004-07-01 06:00:00,2004063012,18,True
2004-08-17 12:00:00,2004081712,0,True
2004-08-21 12:00:00,2004082112,0,True
2004-08-23 12:00:00,2004082312,0,True
2004-09-01 00:00:00,2004083112,12,True
2004-09-18 12:00:00,2004091812,0,True
2004-11-03 12:00:00,2004110312,0,True
2004-11-11 12:00:00,2004111112,0,True
2004-11-17 12:00:00,2004111712,0,True
2004-12-28 12:00:00,2004122812,0,True
2005-01-02 12:00:00,2005010212,0,True
2005-01-08 06:00:00,2005010712,18,True
2005-01-17 12:00:00,2005011712,0,True
2005-01-25 12:00:00,2005012512,0,True
2005-01-27 12:00:00,2005012712,0,True
2005-02-05 12:00:00,2005020512,0,True
2005-03-20 12:00:00,2005032012,0,True
2005-04-19 12:00:00,2005041912,0,True
2005-04-20 12:00:00,2005042012,0,True
2005-04-24 12:00:00,2005042412,0,True
2005-04-27 12:00:00,2005042712,0,True
2005-05-05 12:00:00,2005050512,0,True
2005-05-09 12:00:00,2005050912,0,True
2005-05-29 12:00:00,2005052912,0,True
2005-05-30 06:00:00,2005052912,18,True
2005-06-01 12:00:00,2005060112,0,True
2005-06-02 12:00:00,2005060212,0,True
2005-06-05 12:00:00,2005060512,0,True
2005-06-08 12:00:00,2005060812,0,True
2005-06-09 12:00:00,2005060912,0,True
2005-06-11 12:00:00,2005061112,0,True
2005-06-19 12:00:00,2005061912,0,True
2005-06-21 09:00:00,2005062012,21,True
2005-06-27 12:00:00,2005062712,0,True
2005-07-15 12:00:00,2005071512,0,True
2005-08-11 12:00:00,2005081112,0,True
2005-08-16 18:00:00,2005081612,6,True
2005-08-23 00:00:00,2005082212,12,True
2005-09-01 12:00:00,2005090112,0,True
2005-09-02 12:00:00,2005090212,0,True
2005-09-11 12:00:00,2005091112,0,True
2005-09-14 12:00:00,2005091412,0,True
2005-09-18 12:00:00,2005091812,0,True
2005-09-22 12:00:00,2005092212,0,True
2005-09-26 12:00:00,2005092612,0,True
2005-09-29 12:00:00,2005092912,0,True
2005-11-03 21:00:00,2005110312,9,True
2005-11-10 06:00:00,2005110912,18,True
2005-11-16 06:00:00,2005111512,18,True
2005-11-16 09:00:00,2005111512,21,True
2005-11-17 12:00:00,2005111712,0,True
2005-11-19 12:00:00,2005111912,0,True
2005-12-22 12:00:00,2005122212,0,True
2005-12-25 12:00:00,2005122512,0,True
2006-01-13 03:00:00,2006011212,15,True
2006-01-30 15:00:00,2006013012,3,True
2006-02-11 09:00:00,2006021012,21,True
2006-02-21 06:00:00,2006022012,18,True
2006-02-21 12:00:00,2006022112,0,True
2006-03-01 12:00:00,2006030112,0,True
2006-03-16 09:00:00,2006031512,21,True
2006-03-28 12:00:00,2006032812,0,True
2006-03-31 12:00:00,2006033112,0,True
2006-04-20 12:00:00,2006042012,0,True
2006-04-29 21:00:00,2006042912,9,True
2006-05-09 12:00:00,2006050912,0,True
2006-05-11 15:00:00,2006051112,3,True
2006-05-12 12:00:00,2006051212,0,True
2006-05-14 12:00:00,2006051412,0,True
2006-06-29 21:00:00,2006062912,9,True
2006-07-18 12:00:00,2006071812,0,True
2006-07-18 15:00:00,2006071812,3,True
2006-07-18 18:00:00,2006071812,6,True
2006-07-18 21:00:00,2006071812,9,True
2006-08-16 15:00:00,2006081612,3,True
2006-09-04 12:00:00,2006090412,0,True
2006-09-13 00:00:00,2006091212,12,True
2006-09-27 12:00:00,2006092712,0,True
2006-10-02 12:00:00,2006100212,0,True
2006-10-25 12:00:00,2006102512,0,True
2006-11-11 12:00:00,2006111112,0,True
2006-11-13 12:00:00,2006111312,0,True
2006-11-21 12:00:00,2006112112,0,True
2006-12-06 18:00:00,2006120612,6,True
2006-12-27 09:00:00,2006122612,21,True
2007-01-02 09:00:00,2007010112,21,True
2007-01-27 12:00:00,2007012712,0,True
2007-02-04 12:00:00,2007020412,0,True
2007-03-04 12:00:00,2007030412,0,True
2007-03-30 12:00:00,2007033012,0,True
2007-04-04 12:00:00,2007040412,0,True
2007-04-15 12:00:00,2007041512,0,True
2007-04-17 12:00:00,2007041712,0,True
2007-04-26 12:00:00,2007042612,0,True
2007-05-03 12:00:00,2007050312,0,True
2007-05-04 12:00:00,2007050412,0,True
2007-05-07 12:00:00,2007050712,0,True
2007-05-13 12:00:00,2007051312,0,True
2007-05-15 12:00:00,2007051512,0,True
2007-05-24 12:00:00,2007052412,0,True
2007-05-25 09:00:00,2007052412,21,True
2007-06-03 12:00:00,2007060312,0,True
2007-06-14 12:00:00,2007061412,0,True
2007-06-16 12:00:00,2007061612,0,True
2007-06-17 12:00:00,2007061712,0,True
2007-06-21 12:00:00,2007062112,0,True
2007-06-30 12:00:00,2007063012,0,True
2007-07-03 03:00:00,2007070212,15,True
2007-07-11 21:00:00,2007071112,9,True
2007-07-25 09:00:00,2007072412,21,True
2007-07-25 12:00:00,2007072512,0,True
2007-08-18 09:00:00,2007081712,21,True
2007-08-18 12:00:00,2007081812,0,True
2007-08-23 15:00:00,2007082312,3,True
2007-08-25 12:00:00,2007082512,0,True
2007-08-31 12:00:00,2007083112,0,True
2007-08-31 18:00:00,2007083112,6,True
2007-09-12 12:00:00,2007091212,0,True
2007-09-21 12:00:00,2007092112,0,True
2007-09-25 12:00:00,2007092512,0,True
2007-09-27 12:00:00,2007092712,0,True
2007-09-30 12:00:00,2007093012,0,True
2007-10-16 15:00:00,2007101612,3,True
2007-10-19 12:00:00,2007101912,0,True
2007-10-25 12:00:00,2007102512,0,True
2007-11-04 12:00:00,2007110412,0,True
2007-11-15 12:00:00,2007111512,0,True
2007-12-10 12:00:00,2007121012,0,True
2007-12-21 12:00:00,2007122112,0,True
2008-01-05 12:00:00,2008010512,0,True
2008-01-08 09:00:00,2008010712,21,True
2008-01-12 12:00:00,2008011212,0,True
2008-01-16 12:00:00,2008011612,0,True
2008-01-29 12:00:00,2008012912,0,True
2008-01-30 12:00:00,2008013012,0,True
2008-02-07 12:00:00,2008020712,0,True
2008-02-08 12:00:00,2008020812,0,True
2008-02-22 06:00:00,2008022112,18,True
2008-02-22 09:00:00,2008022112,21,True
2008-03-22 12:00:00,2008032212,0,True
2008-03-24 12:00:00,2008032412,0,True
2008-04-05 12:00:00,2008040512,0,True
2008-04-29 12:00:00,2008042912,0,True
2008-04-30 12:00:00,2008043012,0,True
2008-05-13 12:00:00,2008051312,0,True
2008-05-17 12:00:00,2008051712,0,True
2008-06-03 12:00:00,2008060312,0,True
2008-07-01 12:00:00,2008070112,0,True
2008-07-26 15:00:00,2008072612,3,True
2008-08-12 12:00:00,2008081212,0,True
2008-08-19 12:00:00,2008081912,0,True
2008-08-22 12:00:00,2008082212,0,True
2008-09-04 12:00:00,2008090412,0,True
2008-09-05 12:00:00,2008090512,0,True
2008-09-07 12:00:00,2008090712,0,True
2008-09-23 12:00:00,2008092312,0,True
2008-09-26 06:00:00,2008092512,18,True
2008-10-01 12:00:00,2008100112,0,True
2008-10-07 12:00:00,2008100712,0,True
2008-11-29 12:00:00,2008112912,0,True
2008-12-09 12:00:00,2008120912,0,True
2009-01-02 15:00:00,2009010212,3,True
2009-01-08 12:00:00,2009010812,0,True
2009-01-13 12:00:00,2009011312,0,True
2009-01-25 12:00:00,2009012512,0,True
2009-01-26 12:00:00,2009012612,0,True
2009-02-04 12:00:00,2009020412,0,True
2009-02-16 12:00:00,2009021612,0,True
2009-03-05 12:00:00,2009030512,0,True
2009-03-11 12:00:00,2009031112,0,True
2009-03-14 12:00:00,2009031412,0,True
2009-03-19 12:00:00,2009031912,0,True
2009-03-23 12:00:00,2009032312,0,True
2009-03-30 12:00:00,2009033012,0,True
2009-04-03 12:00:00,2009040312,0,True
2009-04-06 12:00:00,2009040612,0,True
2009-04-12 12:00:00,2009041212,0,True
2009-04-28 12:00:00,2009042812,0,True
2009-05-01 12:00:00,2009050112,0,True
2009-05-07 12:00:00,2009050712,0,True
2009-05-21 12:00:00,2009052112,0,True
2009-05-29 12:00:00,2009052912,0,True
2009-06-04 12:00:00,2009060412,0,True
2009-06-05 12:00:00,2009060512,0,True
2009-06-08 09:00:00,2009060712,21,True
2009-06-08 12:00:00,2009060812,0,True
2009-06-14 12:00:00,2009061412,0,True
2009-06-15 09:00:00,2009061412,21,True
2009-06-17 12:00:00,2009061712,0,True
2009-06-18 09:00:00,2009061712,21,True
2009-08-30 18:00:00,2009083012,6,True
2009-09-24 18:00:00,2009092412,6,True
2009-09-26 12:00:00,2009092612,0,True
2009-09-28 21:00:00,2009092812,9,True
2010-01-19 18:00:00,2010011912,6,True
2010-01-30 12:00:00,2010013012,0,True
2010-02-10 12:00:00,2010021012,0,True
2010-02-19 12:00:00,2010021912,0,True
2010-03-05 00:00:00,2010030412,12,True
2010-03-17 12:00:00,2010031712,0,True
2010-03-28 12:00:00,2010032812,0,True
2010-04-05 12:00:00,2010040512,0,True
2010-04-07 12:00:00,2010040712,0,True
2010-05-11 09:00:00,2010051012,21,True
2010-05-16 12:00:00,2010051612,0,True
2010-05-18 12:00:00,2010051812,0,True
2010-05-27 12:00:00,2010052712,0,True
2010-06-20 12:00:00,2010062012,0,True
2010-07-04 12:00:00,2010070412,0,True
2010-07-06 12:00:00,2010070612,0,True
2010-07-11 12:00:00,2010071112,0,True
2010-07-13 12:00:00,2010071312,0,True
2010-07-19 12:00:00,2010071912,0,True
2010-07-23 12:00:00,2010072312,0,True
2010-08-18 12:00:00,2010081812,0,True
2010-08-20 12:00:00,2010082012,0,True
2010-09-21 09:00:00,2010092012,21,True
2010-09-29 12:00:00,2010092912,0,True
2010-10-06 12:00:00,2010100612,0,True
2010-10-08 12:00:00,2010100812,0,True
2010-10-12 12:00:00,2010101212,0,True
2010-10-14 12:00:00,2010101412,0,True
2010-12-01 12:00:00,2010120112,0,True
2010-12-15 12:00:00,2010121512,0,True
2010-12-18 12:00:00,2010121812,0,True
2010-12-22 12:00:00,2010122212,0,True
2011-01-01 00:00:00,2010123112,12,True
2011-02-12 12:00:00,2011021212,0,True
2011-03-09 12:00:00,2011030912,0,True
2011-03-10 12:00:00,2011031012,0,True
2011-03-13 12:00:00,2011031312,0,True
2011-03-15 12:00:00,2011031512,0,True
2011-03-23 12:00:00,2011032312,0,True
2011-03-30 12:00:00,2011033012,0,True
2011-04-08 12:00:00,2011040812,0,True
2011-05-19 12:00:00,2011051912,0,True
2011-05-24 12:00:00,2011052412,0,True
2011-05-26 12:00:00,2011052612,0,True
2011-06-02 12:00:00,2011060212,0,True
2011-06-04 12:00:00,2011060412,0,True
2011-06-06 12:00:00,2011060612,0,True
2011-06-09 12:00:00,2011060912,0,True
2011-06-15 00:00:00,2011061412,12,True
2011-06-20 12:00:00,2011062012,0,True
2011-06-22 12:00:00,2011062212,0,True
2011-06-26 18:00:00,2011062612,6,True
2011-06-28 12:00:00,2011062812,0,True
2011-07-03 09:00:00,2011070212,21,True
2011-07-19 03:00:00,2011071812,15,True
2011-07-21 09:00:00,2011072012,21,True
2011-07-25 03:00:00,2011072412,15,True
2011-08-23 12:00:00,2011082312,0,True
2011-08-28 06:00:00,2011082712,18,True
2011-08-30 12:00:00,2011083012,0,True
2011-09-04 12:00:00,2011090412,0,True
2011-09-09 12:00:00,2011090912,0,True
2011-09-13 15:00:00,2011091312,3,True
2011-09-20 06:00:00,2011091912,18,True
2011-10-05 15:00:00,2011100512,3,True
2011-10-07 03:00:00,2011100612,15,True
2011-10-07 06:00:00,2011100612,18,True
2011-10-07 09:00:00,2011100612,21,True
2011-10-19 12:00:00,2011101912,0,True
2011-10-29 12:00:00,2011102912,0,True
2011-11-02 12:00:00,2011110212,0,True
2011-11-19 09:00:00,2011111812,21,True
2011-11-26 06:00:00,2011112512,18,True
2011-12-17 06:00:00,2011121612,18,True
2011-12-24 18:00:00,2011122412,6,True
2011-12-30 12:00:00,2011123012,0,True
2011-12-31 12:00:00,2011123112,0,True
2012-01-15 03:00:00,2012011412,15,True
2012-01-16 00:00:00,2012011512,12,True
2012-01-22 15:00:00,2012012212,3,True
2012-01-30 06:00:00,2012012912,18,True
2012-02-17 21:00:00,2012021712,9,True
2012-03-03 12:00:00,2012030312,0,True
2012-03-27 21:00:00,2012032712,9,True
2012-03-31 12:00:00,2012033112,0,True
2012-03-31 15:00:00,2012033112,3,True
2012-03-31 18:00:00,2012033112,6,True
2012-04-22 00:00:00,2012042112,12,True
2012-04-22 03:00:00,2012042112,15,True
2012-05-21 06:00:00,2012052012,18,True
2012-06-04 15:00:00,2012060412,3,True
2012-06-10 12:00:00,2012061012,0,True
2012-06-17 03:00:00,2012061612,15,True
2012-07-17 12:00:00,2012071712,0,True
2012-07-21 12:00:00,2012072112,0,True
2012-07-28 03:00:00,2012072712,15,True
2012-07-30 12:00:00,2012073012,0,True
2012-07-31 12:00:00,2012073112,0,True
2012-08-03 12:00:00,2012080312,0,True
2012-08-04 12:00:00,2012080412,0,True
2012-08-05 12:00:00,2012080512,0,True
2012-08-11 12:00:00,2012081112,0,True
2012-08-26 12:00:00,2012082612,0,True
2012-09-04 12:00:00,2012090412,0,True
2012-09-05 12:00:00,2012090512,0,True
2012-09-14 12:00:00,2012091412,0,True
2012-09-22 12:00:00,2012092212,0,True
2012-09-24 09:00:00,2012092312,21,True
2012-10-08 12:00:00,2012100812,0,True
2012-10-14 12:00:00,2012101412,0,True
2012-10-15 12:00:00,2012101512,0,True
2012-10-24 12:00:00,2012102412,0,True
2012-11-19 12:00:00,2012111912,0,True
2012-11-22 12:00:00,2012112212,0,True
2012-11-28 12:00:00,2012112812,0,True
2012-12-01 12:00:00,2012120112,0,True
2012-12-02 00:00:00,2012120112,12,True
2012-12-03 12:00:00,2012120312,0,True
2012-12-07 06:00:00,2012120612,18,True
2012-12-09 12:00:00,2012120912,0,True
2012-12-11 12:00:00,2012121112,0,True
2012-12-24 12:00:00,2012122412,0,True
2013-01-06 12:00:00,2013010612,0,True
2013-01-30 09:00:00,2013012912,21,True
2013-02-09 12:00:00,2013020912,0,True
2013-02-14 12:00:00,2013021412,0,True
2013-03-07 09:00:00,2013030612,21,True
2013-03-15 12:00:00,2013031512,0,True
2013-04-06 12:00:00,2013040612,0,True
2013-06-08 12:00:00,2013060812,0,True
2013-06-16 21:00:00,2013061612,9,True
2013-07-14 12:00:00,2013071412,0,True
2013-07-17 12:00:00,2013071712,0,True
2013-07-18 12:00:00,2013071812,0,True
2013-07-27 12:00:00,2013072712,0,True
2013-08-13 21:00:00,2013081312,9,True
2013-08-14 00:00:00,2013081312,12,True
2013-08-14 03:00:00,2013081312,15,True
2013-08-18 12:00:00,2013081812,0,True
2013-08-20 12:00:00,2013082012,0,True
2013-09-02 12:00:00,2013090212,0,True
2013-09-06 06:00:00,2013090512,18,True
2013-10-18 12:00:00,2013101812,0,True
2013-10-31 12:00:00,2013103112,0,True
2013-11-02 12:00:00,2013110212,0,True
2013-11-03 12:00:00,2013110312,0,True
2013-11-12 12:00:00,2013111212,0,True
2013-11-21 18:00:00,2013112112,6,True
2013-11-26 12:00:00,2013112612,0,True
2013-11-27 12:00:00,2013112712,0,True
2013-11-30 12:00:00,2013113012,0,True
2013-12-02 09:00:00,2013120112,21,True
2013-12-10 12:00:00,2013121012,0,True
2013-12-16 03:00:00,2013121512,15,True
2013-12-17 12:00:00,2013121712,0,True
2013-12-25 00:00:00,2013122412,12,True
2013-12-27 12:00:00,2013122712,0,True
2013-12-29 15:00:00,2013122912,3,True
2014-01-02 12:00:00,2014010212,0,True
2014-01-04 12:00:00,2014010412,0,True
2014-01-12 12:00:00,2014011212,0,True
2014-01-16 12:00:00,2014011612,0,True
2014-01-26 12:00:00,2014012612,0,True
2014-01-28 12:00:00,2014012812,0,True
2014-02-15 12:00:00,2014021512,0,True
2014-02-28 06:00:00,2014022712,18,True
2014-02-28 09:00:00,2014022712,21,True
2014-03-10 12:00:00,2014031012,0,True
2014-03-16 09:00:00,2014031512,21,True
2014-03-23 12:00:00,2014032312,0,True
2014-04-04 12:00:00,2014040412,0,True
2014-04-12 12:00:00,2014041212,0,True
2014-05-01 12:00:00,2014050112,0,True
2014-05-11 12:00:00,2014051112,0,True
2014-05-12 12:00:00,2014051212,0,True
2014-05-12 21:00:00,2014051212,9,True
2014-05-13 12:00:00,2014051312,0,True
2014-05-21 12:00:00,2014052112,0,True
2014-05-22 12:00:00,2014052212,0,True
2014-05-26 03:00:00,2014052512,15,True
2014-05-26 12:00:00,2014052612,0,True
2014-06-16 00:00:00,2014061512,12,True
2014-06-23 03:00:00,2014062212,15,True
2014-06-24 12:00:00,2014062412,0,True
2014-06-26 12:00:00,2014062612,0,True
2014-06-27 12:00:00,2014062712,0,True
2014-06-28 12:00:00,2014062812,0,True
2014-06-28 15:00:00,2014062812,3,True
2014-06-28 18:00:00,2014062812,6,True
2014-06-28 21:00:00,2014062812,9,True
2014-06-29 00:00:00,2014062812,12,True
2014-06-29 03:00:00,2014062812,15,True
2014-06-29 06:00:00,2014062812,18,True
2014-06-29 09:00:00,2014062812,21,True
2014-06-30 12:00:00,2014063012,0,True
2014-07-05 12:00:00,2014070512,0,True
2014-08-06 12:00:00,2014080612,0,True
2014-08-07 18:00:00,2014080712,6,True
2014-08-18 00:00:00,2014081712,12,True
2014-08-20 00:00:00,2014081912,12,True
2014-08-20 12:00:00,2014082012,0,True
2014-08-23 00:00:00,2014082212,12,True
2014-08-29 12:00:00,2014082912,0,True
2014-09-04 00:00:00,2014090312,12,True
2014-09-12 06:00:00,2014091112,18,True
2014-09-13 12:00:00,2014091312,0,True
2014-09-15 21:00:00,2014091512,9,True
2014-09-19 06:00:00,2014091812,18,True
2014-09-25 09:00:00,2014092412,21,True
2014-10-08 12:00:00,2014100812,0,True
2014-10-28 21:00:00,2014102812,9,True
2014-11-23 12:00:00,2014112312,0,True
2014-11-26 12:00:00,2014112612,0,True
2014-12-04 12:00:00,2014120412,0,True
2014-12-06 12:00:00,2014120612,0,True
2014-12-08 12:00:00,2014120812,0,True
2014-12-11 12:00:00,2014121112,0,True
2014-12-31 12:00:00,2014123112,0,False
2014-12-31 15:00:00,2014123112,3,False
2014-12-31 18:00:00,2014123112,6,False
2014-12-31 21:00:00,2014123112,9,False
2015-01-01 00:00:00,2014123112,12,False
2015-01-01 03:00:00,2014123112,15,False
2015-01-01 06:00:00,2014123112,18,False
2015-01-01 09:00:00,2014123112,21,False
2015-01-03 03:00:00,2015010212,15,True
2015-01-03 12:00:00,2015010312,0,True
2015-01-05 06:00:00,2015010412,18,True
2015-01-05 09:00:00,2015010412,21,True
2015-01-09 12:00:00,2015010912,0,True
2015-01-12 12:00:00,2015011212,0,True
2015-01-13 12:00:00,2015011312,0,True
2015-01-31 03:00:00,2015013012,15,True
2015-01-31 12:00:00,2015013112,0,True
2015-02-04 12:00:00,2015020412,0,True
2015-02-12 09:00:00,2015021112,21,True
2015-02-15 12:00:00,2015021512,0,True
2015-02-18 06:00:00,2015021712,18,True
2015-02-23 21:00:00,2015022312,9,True
2015-03-01 12:00:00,2015030112,0,True
2015-03-05 12:00:00,2015030512,0,True
2015-03-08 12:00:00,2015030812,0,True
2015-03-10 12:00:00,2015031012,0,True
2015-03-24 12:00:00,2015032412,0,True
2015-03-28 12:00:00,2015032812,0,True
2015-04-11 12:00:00,2015041112,0,True
2015-04-13 12:00:00,2015041312,0,True
2015-04-15 03:00:00,2015041412,15,True
2015-05-08 09:00:00,2015050712,21,True
2015-05-11 12:00:00,2015051112,0,True
2015-05-17 12:00:00,2015051712,0,True
2015-05-24 12:00:00,2015052412,0,True
2015-06-09 12:00:00,2015060912,0,True
2015-06-13 00:00:00,2015061212,12,True
2015-06-20 12:00:00,2015062012,0,True
2015-07-15 12:00:00,2015071512,0,True
2015-07-23 12:00:00,2015072312,0,True
2015-08-07 12:00:00,2015080712,0,True
2015-08-10 12:00:00,2015081012,0,True
2015-08-12 12:00:00,2015081212,0,True
2015-08-30 12:00:00,2015083012,0,True
2015-09-01 18:00:00,2015090112,6,True
2015-09-02 21:00:00,2015090212,9,True
2015-09-18 12:00:00,2015091812,0,True
2015-09-30 12:00:00,2015093012,0,True
2015-10-01 12:00:00,2015100112,0,True
2015-10-08 12:00:00,2015100812,0,True
2015-10-14 12:00:00,2015101412,0,True
2015-10-15 12:00:00,2015101512,0,True
2015-10-22 12:00:00,2015102212,0,True
2015-10-31 12:00:00,2015103112,0,True
2015-11-08 12:00:00,2015110812,0,True
2015-11-10 12:00:00,2015111012,0,True
2015-11-16 12:00:00,2015111612,0,True
2015-12-03 12:00:00,2015120312,0,True
2015-12-07 12:00:00,2015120712,0,True
